{"model_name": "14Pol_wd_10Mparam", "model_timestamp": "20220101-000000", "batch_size": 8, "model_features": ["rec0", "rec1"], "data_filters": [], "data_maps": [], "collections_train": ["new-pollens", "other", "spores"], "train_part": 0.7, "test_part": 0.3, "collections_val": [], "classes": ["Alnus", "Betula", "Carpinus", "Corylus", "Cupressus", "Fagus", "Fraxinus", "Pinaceae", "Platanus", "Poaceae", "Populus", "Quercus", "Taxus", "Ulmus", "Water"], "DATASET_DEFINITIONS": {"raw-pollens": {}, "other": {}, "spores": {}}, "class_weights": [19.812027231467475, 75.72533429707264, 40.17871524448706, 17.94399246381776, 58.643157010915196, 31.44237695078031, 25.96431226765799, 50.22339405560882, 19.791442334939077, 19.81390070921986, 8.363215454618025, 376.8561151079137, 11.606491995790174, 24.341542750929367, 7.27465888969899]}
